captured_at,DHT_temp,pH,DHT_humidity,water_level,Health_Status
2026-09-30T16:03:23+00:00,31.2,8.09,74.0,,
2026-09-30T16:03:36+00:00,31.2,8.09,73.9,,
2026-09-30T16:03:41+00:00,31.2,8.09,74.0,,
2026-09-30T16:03:46+00:00,31.2,8.09,74.0,,
2026-09-30T16:03:51+00:00,31.2,8.09,73.9,,
2026-09-30T16:03:56+00:00,31.2,8.09,74.0,,
2026-09-30T16:04:01+00:00,31.2,8.09,74.0,,
2026-09-30T16:04:06+00:00,31.2,8.09,74.0,,
2026-09-30T16:04:11+00:00,31.2,8.09,74.0,,
2026-09-30T16:04:16+00:00,31.2,8.09,74.0,,
2026-09-30T16:04:21+00:00,31.2,8.09,74.0,,
2026-09-30T16:04:26+00:00,31.2,8.09,74.0,,
2026-09-30T16:04:31+00:00,31.2,8.09,73.9,,
2026-09-30T16:04:36+00:00,31.2,8.09,74.0,,
2026-09-30T16:04:41+00:00,31.2,8.09,74.0,,
2026-09-30T16:04:53+00:00,31.2,8.09,73.9,,
2026-09-30T16:04:58+00:00,31.1,8.09,74.0,,
2026-09-30T16:05:03+00:00,31.2,8.09,74.0,,
2026-09-30T16:05:08+00:00,31.1,8.09,74.0,,
2026-09-30T16:05:13+00:00,31.2,8.09,74.0,,
2026-09-30T16:05:18+00:00,31.2,8.09,74.0,,
2026-09-30T16:05:23+00:00,31.2,8.09,74.0,,
2026-09-30T16:05:28+00:00,31.2,8.09,74.0,,
2026-09-30T16:05:33+00:00,31.1,8.09,74.0,,
2026-09-30T16:05:38+00:00,31.2,8.08,74.0,,
2026-09-30T16:05:43+00:00,31.2,8.08,74.0,,
2026-09-30T16:05:48+00:00,31.2,8.08,74.0,,
2026-09-30T16:05:53+00:00,31.2,8.09,74.0,,
2026-09-30T16:05:58+00:00,31.1,8.09,74.0,,
2026-09-30T16:06:03+00:00,31.1,8.09,74.0,,
2026-09-30T16:06:08+00:00,31.2,8.09,74.0,,
2026-09-30T16:06:13+00:00,31.1,8.09,74.0,,
2026-09-30T16:06:18+00:00,31.1,8.09,74.0,,
2026-09-30T16:06:23+00:00,31.1,8.09,73.9,,
2026-09-30T16:06:28+00:00,31.1,8.09,74.0,,
2026-09-30T16:06:33+00:00,31.1,8.09,74.0,,
2026-09-30T16:06:38+00:00,31.1,8.09,74.0,,
2026-09-30T16:06:43+00:00,31.1,8.09,74.0,,
2026-09-30T16:06:48+00:00,31.1,8.09,74.1,,
2026-09-30T16:06:53+00:00,31.1,8.09,74.1,,
2026-09-30T16:06:58+00:00,31.1,8.09,74.1,,
2026-09-30T16:07:03+00:00,31.1,8.09,74.1,,
2026-09-30T16:07:08+00:00,31.1,8.09,74.1,,
2026-09-30T16:07:13+00:00,31.1,8.09,74.1,,
2026-09-30T16:07:18+00:00,31.1,8.09,74.1,,
2026-09-30T16:07:23+00:00,31.1,8.09,74.0,,
2026-09-30T16:07:28+00:00,31.1,8.09,74.1,,
2026-09-30T16:07:33+00:00,31.1,8.09,74.1,,
2026-09-30T16:07:38+00:00,31.1,8.09,74.1,,
2026-09-30T16:07:43+00:00,31.1,8.09,74.1,,
2026-09-30T16:07:48+00:00,31.1,8.09,74.0,,
2026-09-30T16:07:53+00:00,31.1,8.09,74.1,,
2026-09-30T16:09:53+00:00,31.1,8.08,74.1,,
2026-09-30T16:09:58+00:00,31.1,8.09,74.1,,
2026-09-30T16:10:03+00:00,31.1,8.09,74.1,,
2026-09-30T16:10:08+00:00,31.1,8.09,74.0,,
2026-09-30T16:10:13+00:00,31.1,8.09,74.0,,
2026-09-30T16:10:18+00:00,31.1,8.09,74.0,,
2026-09-30T16:10:23+00:00,31.1,8.08,74.0,,
2026-09-30T16:10:28+00:00,31.1,8.08,73.9,,
2026-09-30T16:10:33+00:00,31.1,8.08,74.0,,
2026-09-30T16:10:38+00:00,31.1,8.08,74.0,,
2026-09-30T16:10:44+00:00,31.1,8.08,73.9,,
2026-09-30T16:10:49+00:00,31.1,8.08,73.9,,
2026-09-30T16:10:54+00:00,31.1,8.08,73.9,,
2026-09-30T16:10:59+00:00,31.1,8.09,74.0,,
2026-09-30T16:11:04+00:00,31.1,8.09,74.0,,
2026-09-30T16:11:09+00:00,31.1,8.09,74.0,,
2026-09-30T16:11:14+00:00,31.1,8.09,74.0,,
2026-09-30T16:11:19+00:00,31.1,8.09,73.9,,
2026-09-30T16:11:24+00:00,31.1,8.08,74.0,,
2026-09-30T16:11:29+00:00,31.1,8.08,74.0,,
2026-09-30T16:11:34+00:00,31.1,8.08,74.0,,
2026-09-30T16:12:34+00:00,31.1,8.09,74.0,,
2026-09-30T16:12:39+00:00,31.1,8.09,74.1,,
2026-09-30T16:12:44+00:00,31.1,8.09,74.0,,
